ID,Pred
1,0.13436424411240122
2,0.8474337369372327
3,0.763774618976614
4,0.2550690257394217
5,0.49543508709194095
6,0.4494910647887381
7,0.651592972722763
8,0.7887233511355132
9,0.0938595867742349
10,0.02834747652200631
11,0.8357651039198697
12,0.43276706790505337
13,0.762280082457942
14,0.0021060533511106927
15,0.4453871940548014
16,0.7215400323407826
17,0.22876222127045265
18,0.9452706955539223
19,0.9014274576114836
20,0.030589983033553536
21,0.0254458609934608
22,0.5414124727934966
23,0.9391491627785106
24,0.38120423768821243
25,0.21659939713061338
26,0.4221165755827173
27,0.029040787574867943
28,0.22169166627303505
29,0.43788759365057206
30,0.49581224138185065
31,0.23308445025757263
32,0.2308665415409843
33,0.2187810373376886
34,0.4596034657377336
35,0.28978161459048557
36,0.021489705265908876
37,0.8375779756625729
38,0.5564543226524334
39,0.6422943629324456
40,0.1859062658947177
41,0.9925434121760651
42,0.8599465287952899
43,0.12088995980580641
44,0.3326951853601291
45,0.7214844075832684
46,0.7111917696952796
47,0.9364405867994596
48,0.4221069999614152
49,0.830035693274327
50,0.670305566414071
51,0.3033685109329176
52,0.5875806061435594
53,0.8824790008318577
54,0.8461974184283128
55,0.5052838205796004
56,0.5890022579825517
57,0.034525830151341586
58,0.24273997354306764
59,0.7974042475543028
60,0.4143139993007743
61,0.17300740157905092
62,0.548798761388153
63,0.7030407620656315
64,0.6744858305023272
65,0.3747030205016403
66,0.4389616300445631
67,0.5084264882499818
68,0.7784426150001458
69,0.5209384176131452
70,0.39325509496422606
71,0.4896935204622582
72,0.029574963966907064
73,0.04348729035652743
74,0.703382088603836
75,0.9831877173096739
76,0.5931837303800576
77,0.393599686377914
78,0.17034919685568128
79,0.5022385584334831
80,0.9820766375385342
81,0.7705231398308006
82,0.5396174484497788
83,0.8602897789205496
84,0.23217612806301458
85,0.513771663187637
86,0.9524673882682695
87,0.5777948078012031
88,0.45913173191066836
89,0.2692794774414212
90,0.5479963094662489
91,0.9571162814602269
92,0.005709129450392925
93,0.7836552326153898
94,0.8204859119254819
95,0.8861795808260082
96,0.7405034118331963
97,0.8091399008724796
98,0.518678283523002
99,0.561357864778379
100,0.4260906796881502
101,0.05612329752074041
102,0.8700101551766398
103,0.5699993338763802
104,0.19983942017714307
105,0.5047204674288633
106,0.48492511222773416
107,0.3567899645449557
108,0.3460779190181549
109,0.5384787957378443
110,0.6234894527975051
111,0.6124524647827256
112,0.4581468000997244
113,0.027974984083842358
114,0.22960503127702392
115,0.1772112589385827
116,0.5844608707784413
117,0.8610088608533248
118,0.798438940577426
119,0.7970975626354962
120,0.8164373705606909
121,0.25529404008730594
122,0.841744832274096
123,0.6731135254387071
124,0.08323413780389788
125,0.0166906301155596
126,0.014559974924812313
127,0.7555867752521982
128,0.2495592256534228
129,0.10948862729435938
130,0.6248020841524763
131,0.3444228640964949
132,0.06951537853084733
133,0.1596255246938475
134,0.5273803990480128
135,0.16814494622242826
136,0.2729144368186801
137,0.7115899271852729
138,0.4547016300456639
139,0.3220017663873259
140,0.4737710141702789
141,0.023634577631987064
142,0.38655710476146987
143,0.4209186792090759
144,0.18803930475131292
145,0.10876169244541334
146,0.8998185003560202
147,0.5101159809286764
148,0.2090909925517701
149,0.6056486400340165
150,0.8170396683778869
151,0.020818108509287336
152,0.017864520827795327
153,0.146461740399346
154,0.7188354727617898
155,0.16022759262970465
156,0.7046056278520025
157,0.6781757952769475
158,0.5447021635789044
159,0.22059974802267657
160,0.9755945178178834
161,0.797810857706151
162,0.516599516949393
163,0.22319578024667075
164,0.6485064180992564
165,0.3948980098582996
166,0.5758459627880567
167,0.32124580934512525
168,0.6309478612713469
169,0.058785116206491295
170,0.29860594962301334
171,0.9679033101508892
172,0.8755342442351592
173,0.30638662033324593
174,0.8585144063565593
175,0.31036362735313405
176,0.9392884321352825
177,0.7438421186671211
178,0.4161722627650255
179,0.25235810227983535
180,0.008480262463668842
181,0.8787178982088466
182,0.03791653059858058
183,0.8194141106127972
184,0.962201125180818
185,0.5702805702451802
186,0.17151709517771863
187,0.8677810644349934
188,0.9737752361596916
189,0.7040231423300713
190,0.5088737460778905
191,0.37796883434360806
192,0.34693088456262167
193,0.2057617572947047
194,0.6741530142468641
195,0.4329501211003163
196,0.1941186449851896
197,0.10442422284151531
198,0.6659575282786826
199,0.29607267308315155
200,0.4997999222368016
201,0.3253456548759963
202,0.8716215074235552
203,0.8996782696347811
204,0.018092983640471738
205,0.2008530114407594
206,0.3277407050962675
207,0.9870497179280261
208,0.7827003757293756
209,0.3390956478509337
210,0.21302979638081376
211,0.6744550697237632
212,0.8377010701539643
213,0.9321874718936273
214,0.3438498147908198
215,0.8823932024664636
216,0.6871101821536574
217,0.48449872261249405
218,0.9855082298257978
219,0.23464043487103847
220,0.7254651862412724
221,0.0846802304164842
222,0.16969414179438758
223,0.9109877835080679
224,0.21296819499142416
225,0.7591161827164402
226,0.6002088301322496
227,0.8411321957058551
228,0.3681079994056491
229,0.34028523500198804
230,0.29121528741113467
231,0.8674198235869027
232,0.6039825288917112
233,0.9543074571721899
234,0.8872651047169627
235,0.13534597739545295
236,0.5511704740692165
237,0.1042749980146136
238,0.03913779859691058
239,0.07319341883234853
240,0.866168357366572
241,0.7881164487252263
242,0.8285059714691135
243,0.3408974641165834
244,0.6151860325590366
245,0.7819036016327547
246,0.3780396288383874
247,0.5707815255990233
248,0.2237140727487692
249,0.08174326235239371
250,0.26672364298173634
251,0.8907681278553053
252,0.5644468332401974
253,0.9250672021084733
254,0.4577692590412453
255,0.2771827661076983
256,0.7870146635603288
257,0.8277681566457297
258,0.012381744486666624
259,0.670411639023931
260,0.09168312261651779
261,0.1151024984279273
262,0.8850600703796611
263,0.04002353689016469
264,0.2396333648675093
265,0.9881584986060327
266,0.4210135874302673
267,0.1155581805922733
268,0.16738343746133177
269,0.24142028509784308
270,0.7440064165370084
271,0.1028341459863098
272,0.9107644182793333
273,0.3782772705442261
274,0.9702640365282106
275,0.9092227281507113
276,0.29402358494854774
277,0.2534101360411267
278,0.47701009597226784
279,0.10012914395045203
280,0.6520501994894172
281,0.039620213413704475
282,0.010506151518672291
283,0.9825836265504634
284,0.2955498600489178
285,0.5965706431884413
286,0.44984453463009777
287,0.31328086106892794
288,0.06296479004764532
289,0.9133920171659404
290,0.9698132768381156
291,0.9697965044964699
292,0.1113623101268919
293,0.21519327003609845
294,0.6178068800115557
295,0.979952885890077
296,0.5429131974847156
297,0.6881898080477126
298,0.6618344288753493
299,0.259085991853645
300,0.5416022629129655
301,0.3073211178125135
302,0.24638119608509224
303,0.08136876538378779
304,0.2807867235646755
305,0.9833767172194025
306,0.4479022405332955
307,0.6520105345126705
308,0.6434660802698416
309,0.940734522249
310,0.39047855113892316
311,0.3067842948515136
312,0.3272414146871332
313,0.3167351468856021
314,0.847134765826215
315,0.893500245521601
316,0.3028093296725163
317,0.33433340565076186
318,0.5442254141821842
319,0.5789854363170839
320,0.5959625400010043
321,0.2450980038952486
322,0.020374028446252357
323,0.24375929982791578
324,0.07232753387141089
325,0.551204754915506
326,0.07091636753953445
327,0.07512979225452299
328,0.6353820935630572
329,0.2908215504193956
330,0.7921847578822924
331,0.49326104275013793
332,0.8626489777797094
333,0.15417959616284405
334,0.5014295859466933
335,0.794983493746024
336,0.0771069862639161
337,0.9492279489729363
338,0.1732421083716036
339,0.7762089829859355
340,0.9848958711440725
341,0.8215501447435144
342,0.3197840027930057
343,0.1068777345815598
344,0.5143582510552492
345,0.919356939210688
346,0.29348949437066774
347,0.8937587976957898
348,0.14168064702669492
349,0.9104816743927341
350,0.03175994589733666
351,0.3160686777608829
352,0.9030882837141124
353,0.8038562809839719
354,0.9071537669967973
355,0.8407185222467378
356,0.7461848854045222
357,0.6895951793002646
358,0.1781548656443236
359,0.43263800097623695
360,0.15789694375216057
361,0.7148244519688113
362,0.667778739685542
363,0.2525864077938834
364,0.0644141933476613
365,0.9633858833215757
366,0.8082526283723965
367,0.5492699313925192
368,0.5413776519849807
369,0.8512926663313799
370,0.45330967762221785
371,0.39571044472076744
372,0.33866914489505884
373,0.2579690924717717
374,0.024408502825104206
375,0.6464388440000969
376,0.4166838822984099
377,0.5706036315777225
378,0.062321630803521044
379,0.3549434436862958
380,0.13828411395509788
381,0.12512901528549036
382,0.259112968915828
383,0.8289343809851581
384,0.39779731306487276
385,0.40108215192090135
386,0.612444922992939
387,0.23352965329584996
388,0.007477173042134244
389,0.5287017398867132
390,0.5008996195572266
391,0.6488395923408533
392,0.4383169556417158
393,0.6865131306582006
394,0.7314219491610718
395,0.23837467516202382
396,0.4950722507160109
397,0.47882688758179337
398,0.225062085038767
399,0.4122461329173408
400,0.560407434487989
401,0.9069395045058483
402,0.9177065838382222
403,0.27522536346579907
404,0.6464151756425885
405,0.0481973433614038
406,0.07155138822789708
407,0.5116917092002066
408,0.877424078946487
409,0.15946773075783105
410,0.7660278587973122
411,0.8830095693755464
412,0.3118020318353023
413,0.6925569646028146
414,0.8489911224865752
415,0.3716143307475649
416,0.7012826629078087
417,0.7364181165753182
418,0.5945778048409015
419,0.8562771389130047
420,0.8966043711163488
421,0.9600788169648591
422,0.5712326942175455
423,0.17627589520647535
424,0.2505954088773793
425,0.21761868850658306
426,0.5695173495977943
427,0.7577501146664367
428,0.05213322114218644
429,0.6816364556074682
430,0.7171532633675107
431,0.3479815079568077
432,0.5150558042933419
433,0.16479815203117487
434,0.7298961504869986
435,0.040708687336548866
436,0.981221058148159
437,0.8079437334476703
438,0.6284485019821408
439,0.2675262446471117
440,0.9128628900924319
441,0.9594388378770715
442,0.13912615902147096
443,0.7757572503157156
444,0.8419308585435238
445,0.6597173563139825
446,0.7004077664167305
447,0.44505873211451163
448,0.9243078026249281
449,0.9712075281962813
450,0.3823533128201745
451,0.8027115308003568
452,0.4329215913805363
453,0.16475421868327378
454,0.32546727685726395
455,0.1263300748348425
456,0.9088847599027046
457,0.9594240800441438
458,0.11918673240587485
459,0.6006790811870585
460,0.40822409770858314
461,0.11809003100178916
462,0.295475514811817
463,0.2482163710806481
464,0.7495768111897567
465,0.004008955954045934
466,0.18983870393308366
467,0.43877307011993694
468,0.02103467308587126
469,0.6275265885374804
470,0.6056275385785042
471,0.8353323508828638
472,0.20660581568518466
473,0.2847816135615888
474,0.5423394307527486
475,0.2732256972129319
476,0.585738083402959
477,0.25088222945000915
478,0.6835271525859573
479,0.7910907183680019
480,0.8086546201638074
481,0.9736161095498469
482,0.5453770038258688
483,0.49080927982901434
484,0.8556976997986436
485,0.7690673858593793
486,0.5705446293870352
487,0.3832563847662638
488,0.2840474457335592
489,0.10813920873416805
490,0.8075490893732804
491,0.11807153053066555
492,0.7472652346880435
493,0.545287089768146
494,0.9649453287863279
495,0.7610656598531885
496,0.9735197845800538
497,0.13659401293980755
498,0.5003714738318865
499,0.5725782871654547
500,0.3112514573124735
501,0.5030324882064976
502,0.35681876360334597
503,0.5283939713514435
504,0.0008447179488895173
505,0.4423143321124289
506,0.4495521437392589
507,0.3047991882212113
508,0.3994027475965406
509,0.7830873111719908
510,0.6834128839628029
511,0.4922991328917098
512,0.6476682418421831
513,0.377558211851013
514,0.20391405043667976
515,0.003875657877555727
516,0.27762125160942186
517,0.598164198713661
518,0.8816629330706961
519,0.8294212499885301
520,0.5109602078711931
521,0.987018145049427
522,0.46158097386980335
523,0.8345934861668383
524,0.4089653412809712
525,0.7446306177387316
526,0.9875916912226816
527,0.30533659236797617
528,0.17031282521328428
529,0.6200337087276608
530,0.5309561803740346
531,0.359422031985154
532,0.003519242097051234
533,0.3891626416098043
534,0.4258694721036601
535,0.405252071738319
536,0.8612453089775505
537,0.5844280270821319
538,0.7338307924531678
539,0.8979091716371104
540,0.7487734635751375
541,0.4927020519050469
542,0.7457683402868462
543,0.6403554004952637
544,0.6487454346633404
545,0.6296753586886549
546,0.4069989749884928
547,0.6292620312875881
548,0.6337325109456275
549,0.9371179595389777
550,0.782473685370823
551,0.8462680666010907
552,0.7674997901425722
553,0.8153258619910289
554,0.6054623947302108
555,0.3494500883866837
556,0.26458325831813634
557,0.7080200270648295
558,0.8739420748131903
559,0.5442467578028801
560,0.1520699669575002
561,0.8329752851974283
562,0.48454307891146764
563,0.4671026282781843
564,0.04538805984571925
565,0.5102809227900958
566,0.7447476654547172
567,0.4225978111457399
568,0.3551773135885514
569,0.6568435388988518
570,0.01974138739808462
571,0.5071635969746414
572,0.9461270955326195
573,0.6904475919384765
574,0.40192372825721256
575,0.6889082362934618
576,0.6049939193159586
577,0.2088893914825677
578,0.2077083307298535
579,0.8860252896990286
580,0.2690692102056307
581,0.07488477751012912
582,0.8306775905962271
583,0.5231977675764631
584,0.3682081659729527
585,0.5115189221326331
586,0.7367256883512614
587,0.16855360788759777
588,0.6530669982365253
589,0.713436998399841
590,0.8150034439283779
591,0.26976063367613834
592,0.6096663306641944
593,0.23211387837349717
594,0.5610446736195358
595,0.1723629719288945
596,0.7897676248812812
597,0.8667178646504996
598,0.32964356032052855
599,0.22231856181299336
600,0.9637884170558321
601,0.706690313251521
602,0.8437926222446576
603,0.030534474937409795
604,0.8993933116527743
605,0.6224520608976366
606,0.3165291542410674
607,0.43176562289240816
608,0.761592993501026
609,0.785411955930974
610,0.18990086818143226
611,0.6258865053379801
612,0.16562952750215765
613,0.9730498312350108
614,0.44357655630583415
615,0.913145005203284
616,0.7282478447867935
617,0.6062599043956083
618,0.261984031344887
619,0.5265923229048832
620,0.13861974163698576
621,0.13809799323879335
622,0.7157497662356598
623,0.36108976833344886
624,0.7513763114866316
625,0.2404936039137613
626,0.7181581423147705
627,0.7184769263967773
628,0.3054958810525106
629,0.10638543387964139
630,0.3970078551871341
631,0.49236150032733617
632,0.09997421469778434
633,0.18676126036778584
634,0.055343052815480465
635,0.5975135715550439
636,0.8888761233719161
637,0.2165577909596218
638,0.03471343587681974
639,0.7039235944191828
640,0.8149105587896851
641,0.9641215867338897
642,0.6131789568237019
643,0.34244316565189636
644,0.8378686180306556
645,0.11806710521312225
646,0.6926369381896267
647,0.0952308492516365
648,0.3997057470173988
649,0.49502288140217887
650,0.377894273032341
651,0.16859757880447968
652,0.2317173126022275
653,0.8201499974998944
654,0.46257580479248983
655,0.5799327447235099
656,0.2119070176161595
657,0.7149350587865332
658,0.33011725914726364
659,0.5936185874860408
660,0.9094870627958156
661,0.9943934088859884
662,0.04621794831314552
663,0.797442711928691
664,0.8575878253608825
665,0.3195744372072056
666,0.3831476259821177
667,0.5802537596763331
668,0.9188402309707125
669,0.39992859333804187
670,0.8800301687734118
671,0.7585605282041756
672,0.1522730797062255
673,0.9136799203638493
674,0.015181052589951283
675,0.1451782500468748
676,0.6648112128866874
677,0.05711968663889244
678,0.3794898856741835
679,0.12997885852693347
680,0.4628892738532562
681,0.8399803437546011
682,0.9060843513491861
683,0.03546964032188504
684,0.060851756668864554
685,0.8406240353653226
686,0.0428147832556115
687,0.273590265071345
688,0.11743671769283648
689,0.09103770695709379
690,0.027622889724836064
691,0.6375130126648525
692,0.7446142679398566
693,0.6867713765586763
694,0.8456227719182262
695,0.6630161884986934
696,0.38970192767534384
697,0.6310630237160113
698,0.9695948083687032
699,0.6416033330232526
700,0.24309173409213014
701,0.0601840957099572
702,0.9351659997400953
703,0.5904954982942084
704,0.3496147426104088
705,0.6053527496610309
706,0.5602575960634735
707,0.5221717727865457
708,0.06080464202945668
709,0.3532275523761348
710,0.4126500229395509
711,0.199368340608838
712,0.880105231228507
713,0.4241197773808294
714,0.6623856654024448
715,0.7135464494458958
716,0.7432830602725053
717,0.7211152909126985
718,0.7522085016390995
719,0.25158069415076423
720,0.9764036766928967
721,0.15100975378386006
722,0.9186473950993009
723,0.8545687752075629
724,0.8521642911799676
725,0.052811254837533905
726,0.09121808344389948
727,0.8130558022323219
728,0.4691668264651879
729,0.37025319113792565
730,0.9846874722293574
731,0.04011793528964003
732,0.5314650538056048
733,0.44334977615070714
734,0.12820312302867765
735,0.3951882627859874
736,0.7076474048105019
737,0.8823156092024081
738,0.024619711463343408
739,0.5245095586030891
740,0.09037659503525841
741,0.8003934571550348
742,0.08578527943670455
743,0.034193321017138345
744,0.3842362020772886
745,0.7326061745063001
746,0.3132066930474475
747,0.1300048996530475
748,0.7945722220851718
749,0.806919381895185
750,0.8558597987725721
751,0.30374447326405685
752,0.42483036101897353
753,0.24538999425425345
754,0.5571774930165061
755,0.33010716678974783
756,0.3386633359590182
757,0.7836214184097365
758,0.9562961600402223
759,0.5841403192367585
760,0.10468793011995758
761,0.6525749326846105
762,0.4486117178480802
763,0.988030557026313
764,0.7193814951479868
765,0.834786106507209
766,0.701286260188212
767,0.5356190057863918
768,0.8968183918281254
769,0.831617064708009
770,0.291325887614329
771,0.15703189522008743
772,0.3703518687876949
773,0.5210776725725857
774,0.09738008983062874
775,0.34537928645586036
776,0.57490566421198
777,0.043574618551851296
778,0.8149486765188295
779,0.651117045683278
780,0.3136501715897636
781,0.2983209812551685
782,0.35261614078782044
783,0.325288696205143
784,0.7485137769587532
785,0.5010568574712526
786,0.526128397299826
787,0.14875649897091658
788,0.9144180024177262
789,0.32557292867233356
790,0.32756445238821197
791,0.06884613969783304
792,0.9794115817517957
793,0.4796978418092589
794,0.9128847372842237
795,0.9276172424974835
796,0.9697521431783417
797,0.8156292877315128
798,0.9254432251913127
799,0.9222893236500579
800,0.8013676781661853
801,0.13458121604268347
802,0.5237117222858407
803,0.5756040130041492
804,0.9924975279861579
805,0.7839485499662527
806,0.7029162166549554
807,0.7466490368444387
808,0.36157776408347686
809,0.9423135578402168
810,0.6435008896152288
811,0.4025746085300167
812,0.46457157729760856
813,0.9797549273107325
814,0.5321283974315382
815,0.1677975358744883
816,0.14835499413404984
817,0.6872421966577477
818,0.5627755309150185
819,0.9068062611875043
820,0.18460034404937076
821,0.41110881372687
822,0.7279602186359784
823,0.05010503390228793
824,0.0992224065854852
825,0.5457079014280206
826,0.2657292165954248
827,0.10693759623426746
828,0.2616975684968622
829,0.6321410877348209
830,0.5263774368243828
831,0.07849676054083088
832,0.07281144555071173
833,0.8506269918187016
834,0.6432389604915947
835,0.17336725824681098
836,0.8618340673453347
837,0.021849383341961626
838,0.3681047923863917
839,0.8476297370096515
840,0.7102784127552225
841,0.28375240579198935
842,0.8912814945011249
843,0.5980780012429903
844,0.8654933191750928
845,0.8927933740259835
846,0.42544407734419154
847,0.6756003377375025
848,0.5444763147281303
849,0.9447352378727902
850,0.798160742835389
851,0.725818500464358
852,0.8140323746264132
853,0.9981599522851606
854,0.25656118547402607
855,0.20136363065451268
856,0.7467828134595477
857,0.7703325106256943
858,0.5142837977116697
859,0.4870758136839637
860,0.4037430704820498
861,0.882696930394086
862,0.796231877641984
863,0.5845975982069754
864,0.04011908435692091
865,0.8511415942600505
866,0.4584536776423547
867,0.1897605282107142
868,0.2993542752861643
869,0.6913344758903868
870,0.005507078325543091
871,0.12004464732009834
872,0.30265363687643365
873,0.8871913551832168
874,0.7468604394462109
875,0.9707917256397661
876,0.5430287394303667
877,0.5719682275786375
878,0.5513768068142746
879,0.5256272138017167
880,0.5420405711205759
881,0.8185675511269973
882,0.9533687347014597
883,0.4083007693497043
884,0.6299652426023742
885,0.3077594075539877
886,0.3019103864650702
887,0.5063173505975552
888,0.5862676586235078
889,0.5499944669940258
890,0.9765797032009982
891,0.16297123769479815
892,0.6366644129872755
893,0.9945310087813287
894,0.736135286551329
895,0.5659085142333045
896,0.36836315259984176
897,0.40213888348307436
898,0.9365230922325852
899,0.8953304495737955
900,0.6696762890989386
901,0.8987478918617728
902,0.9251636496933648
903,0.8463435694934305
904,0.3834161927467227
905,0.4643646424409569
906,0.7959075032289314
907,0.37263302978751556
908,0.7493638087232053
909,0.4814203811335208
910,0.33654130539639904
911,0.456148287680224
912,0.11650945606622187
913,0.35449675578396944
914,0.41519443056181304
915,0.01816357668492674
916,0.17207397382000555
917,0.26023304736439834
918,0.8578840280109546
919,0.5895771368306654
920,0.28714490644357715
921,0.9977266968258558
922,0.257920600019801
923,0.5137883371656904
924,0.7395197854992286
925,0.6913205405598513
926,0.4335026840560392
927,0.7769976922420457
928,0.48579410624104935
929,0.7154650675477161
930,0.49137654117752905
931,0.9714946851276203
932,0.7161799402916624
933,0.09137723642916373
934,0.12947012637659616
935,0.9665147971332322
936,0.22922837533180018
937,0.026136048907525855
938,0.25322374817515025
939,0.47978705744969674
940,0.9521685622554448
941,0.3991299021963799
942,0.7235055877822264
943,0.8343625217899382
944,0.08916201761131004
945,0.6118919548006078
946,0.9957843575691612
947,0.5495959685614494
948,0.5344861777266802
949,0.3467025387811272
950,0.9461053956418471
951,0.9695992389771277
952,0.10316984902710391
953,0.5528338602115798
954,0.41962922986529316
955,0.6716461609387466
956,0.11864663656894625
957,0.26533429089601646
958,0.2787533788311609
959,0.47971293930054115
960,0.7932828344714875
961,0.8578475121235484
962,0.7864236400590823
963,0.6768068346699463
964,0.08719275792238956
965,0.38971707317075366
966,0.6687016222424277
967,0.2942477813509059
968,0.5078183971193535
969,0.905078361876925
970,0.11615703706526204
971,0.8538766539036542
972,0.10582967213640748
973,0.38636443476107696
974,0.9053894035696106
975,0.2012000617915647
976,0.5207426269174332
977,0.4166040326891619
978,0.8879472832020315
979,0.9920646960788638
980,0.2885925611028892
981,0.4924765425448292
982,0.8950051502153464
983,0.5447956764179482
984,0.21462493977480868
985,0.7596623124447222
986,0.33708929912036656
987,0.4859743721996205
988,0.008561907394052604
989,0.9889670441246217
990,0.6572823624825372
991,0.9258128470566863
992,0.9686852820873311
993,0.267533682707241
994,0.5405359761823108
995,0.4402512334277048
996,0.7598552175178571
997,0.8423856653329628
998,0.22856016090522546
999,0.2745646630997781
1000,0.7062615472551386
1001,0.4116430517162146
1002,0.13020153534647938
1003,0.19531058823852132
1004,0.56084931366165
1005,0.5984944470487219
1006,0.9600715716066204
1007,0.532779953140362
1008,0.6089807637733641
1009,0.1488547544618255
1010,0.4138019179564879
1011,0.2797912916552048
1012,0.6954228379264253
1013,0.2670572511205558
1014,0.2144003100600701
1015,0.3676843985841177
1016,0.4705490562443623
1017,0.3383949710142522
1018,0.6057321560302136
1019,0.18120366885667227
1020,0.8799102945666537
1021,0.694171364986253
1022,0.5347632180856879
1023,0.0581622757311645
1024,0.3260066399610153
1025,0.6901073689391266
1026,0.6450642776594175
1027,0.8119541778331114
1028,0.8915085435895681
1029,0.31536636965384823
1030,0.4937306827337068
1031,0.330041610586696
1032,0.12792226588170752
1033,0.14011709167323072
1034,0.2564694451170253
1035,0.08802876349734245
1036,0.538825533010267
1037,0.7029224414380715
1038,0.563072593302158
1039,0.6847667479227295
1040,0.22624800773903986
1041,0.19940434771043636
1042,0.5675748486809771
1043,0.8842855938364801
1044,0.4222645485970449
1045,0.004236644311168547
1046,0.0200516046712097
1047,0.30530459301328705
1048,0.6153742314894979
1049,0.08456543641575165
1050,0.2245103439701539
1051,0.680690553975496
1052,0.9849919442923573
1053,0.3410728072306086
1054,0.6011389845517673
1055,0.5184298334961871
1056,0.02312477768701582
1057,0.3298344116436186
1058,0.13944117809385492
1059,0.2508216790751341
1060,0.7699809830135035
1061,0.6812025798410788
1062,0.04102292915434891
1063,0.0773751220987744
1064,0.7249292209653437
1065,0.10320969894518073
1066,0.3170199859809295
1067,0.26933762825747554
1068,0.04976651342031979
1069,0.031169973897321013
1070,0.139034784777178
1071,0.3993272287551849
1072,0.9337057301405899
1073,0.6383781261094081
1074,0.24206099729136576
1075,0.6796441847743212
1076,0.27363318955870597
1077,0.515238016010762
1078,0.3218276870172574
1079,0.9486709096447534
1080,0.3523625204215367
1081,0.8035628034992964
1082,0.641192963154336
1083,0.8433255786143237
1084,0.6061603719535075
1085,0.8703849857380972
1086,0.4051629833211974
1087,0.679002691631347
1088,0.6206371614737384
1089,0.5277337094812512
1090,0.5644399778449616
1091,0.5357619817100272
1092,0.3937707193277419
1093,0.8983193875803986
1094,0.6327294059296804
1095,0.5491230721259409
1096,0.05393905639716545
1097,0.5085281141837572
1098,0.1751467230959347
1099,0.2150232188197363
1100,0.43461226876448
1101,0.5459568203984656
1102,0.25041213288033703
1103,0.27093438017989424
1104,0.5301463399957483
1105,0.4732340732669327
1106,0.403287483072823
1107,0.10375352013793404
1108,0.37347765318360016
1109,0.6544212622752213
1110,0.5441989404197219
1111,0.5447527137062477
1112,0.8438181117509362
1113,0.7231630497228716
1114,0.6845892413021832
1115,0.03041366203908369
1116,0.30812795792137815
1117,0.6824123198703762
1118,0.1557727759655333
1119,0.9134730441814907
1120,0.14192653951509626
1121,0.8791214438292662
1122,0.21626835677080958
1123,0.8415897548272803
1124,0.848229682202499
1125,0.3354647112272019
1126,0.8885923720325766
1127,0.15976779278818198
1128,0.8491095140212457
1129,0.38173454875596
1130,0.439717601281703
1131,0.11785978061485969
1132,0.6010052647079792
1133,0.26975582014987187
1134,0.6668793014210087
1135,0.7993879440342788
1136,0.6036840226733041
1137,0.008184809515470737
1138,0.9523352385289845
1139,0.9196811677159858
1140,0.6429353217227561
1141,0.37950634767851676
1142,0.5619137655369324
1143,0.8828120686199001
1144,0.4595288040516242
1145,0.7792182447906874
1146,0.5985589003506996
1147,0.42227922585653344
1148,0.9335265559713849
1149,0.40843090717594177
1150,0.6057791222780027
1151,0.05327428951253488
1152,0.47076386793806957
1153,0.03741423521997789
1154,0.7041328675848595
1155,0.0005902410461580132
1156,0.042065567014851646
1157,0.11112561514520136
1158,0.1395748967710433
1159,0.5080783647537448
1160,0.35628839992753547
1161,0.27090331005250146
1162,0.9836236057298181
1163,0.9089999196574396
1164,0.6548623394699247
1165,0.8020869677805449
1166,0.819708367418291
1167,0.24517343884360088
1168,0.8082860605552211
1169,0.23981162239268738
1170,0.5623565610644854
1171,0.35771700644490745
1172,0.15865919825735098
1173,0.7768544334216305
1174,0.916341667652535
1175,0.31369855569597016
1176,0.8797625357454809
1177,0.34625609407939617
1178,0.6575553612841176
1179,0.9957895941910351
1180,0.7720707350640242
1181,0.05566721124166507
1182,0.4348726676027125
1183,0.37630325823086663
1184,0.2939317953132611
1185,0.816135550597578
1186,0.44102019666278236
1187,0.6992402988527708
1188,0.634931136739595
1189,0.5189957852987459
1190,0.05603122220558798
1191,0.6730352499596889
1192,0.891383085497047
1193,0.17219943212743039
1194,0.6427444191716964
1195,0.4874393485070537
1196,0.3409845810940497
1197,0.7104267189017098
1198,0.9751989661364331
1199,0.021664682628631304
1200,0.897305758366094
1201,0.38323864066304636
1202,0.8338483568511473
1203,0.17471138683888743
1204,0.7165915908500881
1205,0.09969648903871986
1206,0.3356101660048567
1207,0.9699086794931329
1208,0.6566155049590191
1209,0.7845237603545003
1210,0.4613054301067149
1211,0.4711669710990031
1212,0.49262514450720307
1213,0.7731552918492094
1214,0.723249807482727
1215,0.19376810216897122
1216,0.44060439168556
1217,0.5420239204198886
1218,0.571428645314855
1219,0.9267709424082688
1220,0.8397471765072257
1221,0.14988123634414607
1222,0.3761207194225269
1223,0.10897250323749441
1224,0.02622382083834418
1225,0.0745859588783212
1226,0.18296553536353388
1227,0.7660771785454262
1228,0.6672214232537149
1229,0.7978709773342509
1230,0.2885034152713297
1231,0.15551101531303413
1232,0.9721002692327158
1233,0.8260249130855136
1234,0.9467820693149293
1235,0.01878707456910067
1236,0.3965474800085378
1237,0.6337982170632666
1238,0.7360745801995551
1239,0.9126506166783467
1240,0.5377317942344237
1241,0.39079239958264134
1242,0.005324017585244256
1243,0.8038632441272912
1244,0.9821579264325665
1245,0.9072464418329662
1246,0.6622685058344358
1247,0.3424754639148959
1248,0.23915025648517396
1249,0.7750196869400034
1250,0.9354293685991805
1251,0.9603260916542147
1252,0.1756073785996679
1253,0.5853527487931638
1254,0.5131182686750813
1255,0.4274251776610529
1256,0.7944006922875018
1257,0.9357823842440698
1258,0.7246248214709705
1259,0.7003058605196282
1260,0.690614518611634
1261,0.6535567045078392
1262,0.5367539828808665
1263,0.2479157030445568
1264,0.7794770186017971
1265,0.11909343724707233
1266,0.6438881683971543
1267,0.38698731429640454
1268,0.5599625415697017
1269,0.6414363444969299
1270,0.47892352972164387
1271,0.9780941122656858
1272,0.23919305039462202
1273,0.012168333089732086
1274,0.9552579884177682
1275,0.3120077212633888
1276,0.278072578630875
1277,0.41555904721243764
1278,0.5949667329579694
1279,0.9861145657425004
1280,0.7075246857607629
1281,0.31832021303921443
1282,0.5346882763244379
1283,0.44868549698652116
1284,0.501587113760744
1285,0.4176081981794526
1286,0.16761786266328338
1287,0.395484065253623
1288,0.3890890986351384
1289,0.2007194198324832
1290,0.8169186732056046
1291,0.3599909240617184
1292,0.1514863912720431
1293,0.5668743199071905
1294,0.8448434112605253
1295,0.780561072535501
1296,0.6220402649317941
1297,0.7310380068460375
1298,0.3361145774153067
1299,0.14271145506552207
1300,0.25500966051425156
1301,0.34935364413456904
1302,0.27913377110264137
1303,0.4677614049126817
1304,0.14903233165931407
1305,0.130261785975196
1306,0.2527238668942108
1307,0.19650369190022143
1308,0.8017006261598003
1309,0.537556824225385
1310,0.19841122286775725
1311,0.4292171054788668
1312,0.8719155657278634
1313,0.5776121477722593
1314,0.5539142523743498
1315,0.39131807320958134
1316,0.19583743872172898
1317,0.6254050875808675
1318,0.07714940721601782
1319,0.7861899485237686
1320,0.05752485268012175
1321,0.7463473111792467
1322,0.38262914432029493
1323,0.6824114332903526
1324,0.5910054042704707
1325,0.1291756754568837
1326,0.5385021012004435
1327,0.07416754906970224
1328,0.2412183124566043
1329,0.38166891142299064
1330,0.2856711685837189
1331,0.6617593520798355
1332,0.9868346854833971
1333,0.35686151496364316
1334,0.8385970978312445
1335,0.22509934230030493
1336,0.7093308876738105
1337,0.3477203659126339
1338,0.5353633261603788
1339,0.08858336146387946
1340,0.8273532189349466
1341,0.2088351376755534
1342,0.4634527491174777
1343,0.2902957931201211
1344,0.8102029533838505
1345,0.5925947286415035
1346,0.6151849357234862
1347,0.7547485637932494
1348,0.25489656342834177
1349,0.058248170108083475
1350,0.8285553737078101
1351,0.31560514986441923
1352,0.8122711266008682
1353,0.9566394159445416
1354,0.6291912482818915
1355,0.10329198921112503
1356,0.8539871307856776
1357,0.6334281234927437
1358,0.24589920598766768
1359,0.20787202942545968
1360,0.5077213153006307
1361,0.12156584793434377
1362,0.9060200824268411
1363,0.7078621924830589
1364,0.8192821811677478
1365,0.38382052377502096
1366,0.9231913053799073
1367,0.13395476947645024
1368,0.7162500513967016
1369,0.25460402462682086
1370,0.003631626946558053
1371,0.12089146531089001
1372,0.201544046298763
1373,0.7633452680909094
1374,0.37804995971211
1375,0.48203064162281584
1376,0.6135818304916332
1377,0.26766037224015604
1378,0.6384335843307868
1379,0.6715719302788205
1380,0.9213691544113192
1381,0.5028668212377829
1382,0.8552861244264475
1383,0.9677517210967089
1384,0.7688954149308205
1385,0.42119183688272654
1386,0.2719797975866193
1387,0.09773187837962227
1388,0.8310268136396308
1389,0.12960001965353074
1390,0.5595128984441713
1391,0.45393071885249103
1392,0.044846419158992346
1393,0.2143377691055881
1394,0.8228965828576935
1395,0.5386596159811745
1396,0.9243946249503633
1397,0.9079739842078218
1398,0.09402755705351773
1399,0.6781168114103044
1400,0.042658178854013684
1401,0.4226665707957995
1402,0.44177494338744194
1403,0.956872732737817
1404,0.5953175015896558
1405,0.19000060742607294
1406,0.5097473068893228
1407,0.5218288850825015
1408,0.19707458639680242
1409,0.35973135127600175
1410,0.8774946375642467
1411,0.9814709257866746
1412,0.7768663166801824
1413,0.06450150416074041
1414,0.9058766741439587
1415,0.45845943722277716
1416,0.8340560392335773
1417,0.17677987285910168
1418,0.14768464754370092
1419,0.9066622848699335
1420,0.28552344045904365
1421,0.043055426950175724
1422,0.501048200315799
1423,0.9905684580353415
1424,0.8354980615186305
1425,0.3962996385394406
1426,0.993073414265694
1427,0.7966701948025767
1428,0.8420658675763089
1429,0.6461069531835517
1430,0.3943813314133705
1431,0.9057097386732066
1432,0.4706292224006611
1433,0.9346421662649822
1434,0.5521910708222612
1435,0.9098574658614854
1436,0.47715640081037314
1437,0.42682078707669624
1438,0.5886823143731551
1439,0.3173104658366761
1440,0.14939761605954083
1441,0.5893324431460085
1442,0.8509629219538113
1443,0.27777624924381694
1444,0.8650214121278488
1445,0.7871289610182677
1446,0.7756758582665128
1447,0.41513018601399276
1448,0.9987565168726059
1449,0.790878236469853
1450,0.5756487964222792
1451,0.11350996819836934
1452,0.5738154912706415
1453,0.014381200827081053
1454,0.9022086883488681
1455,0.3366972575551538
1456,0.36834486387883225
1457,0.5508831816499049
1458,0.63746402688442
1459,0.5827270677250831
1460,0.4849252171533167
1461,0.6343552401942114
1462,0.8471422608166053
1463,0.4462093959337685
1464,0.5000793778829608
1465,0.8103469203716892
1466,0.003406069596069261
1467,0.1607104980189884
1468,0.32502993465104124
1469,0.21393738795923867
1470,0.8960099487021844
1471,0.14821622214901997
1472,0.10788676443678502
1473,0.31720096518691276
1474,0.5086407543782814
1475,0.8214808580281753
1476,0.9956510837481631
1477,0.8518696819228958
1478,0.6088375998175497
1479,0.03760190092730609
1480,0.06346449082754002
1481,0.6307360771793745
1482,0.8198823093654813
1483,0.26551240499762985
1484,0.9692190095562402
1485,0.5503873026658288
1486,0.573771199478443
1487,0.6186219162008204
1488,0.07491419992300219
1489,0.17038813907205697
1490,0.9361922960907023
1491,0.2672952146366093
1492,0.08329304401782134
1493,0.282428939274216
1494,0.7261461812340448
1495,0.26280857052543405
1496,0.2105816684575813
1497,0.27712940217334403
1498,0.48042161797818994
1499,0.7375490927111236
1500,0.301322965230045
1501,0.8735096217006009
1502,0.9758824199729277
1503,0.8220163698767596
1504,0.07512543760771095
1505,0.315458568481098
1506,0.9257857896092999
1507,0.8593843990279285
1508,0.13325329151192067
1509,0.4422243447164529
1510,0.3639424204756041
1511,0.7474696638978153
1512,0.028709642509242794
1513,0.3154769645444748
1514,0.7497795906946959
1515,0.8868701722994499
1516,0.04062634488104666
1517,0.5883534304951312
1518,0.6636085482644283
1519,0.8729168662865777
1520,0.4245794280199017
1521,0.9730496846376722
1522,0.19742578441529735
1523,0.11476261606396565
1524,0.13004550318256214
1525,0.58672377844334
1526,0.12244049997288653
1527,0.2665968124444289
1528,0.1963016523525778
1529,0.05529366702814731
1530,0.9623832662114691
1531,0.33492537533535827
1532,0.9640157641060344
1533,0.7232340153655419
1534,0.21976923887144084
1535,0.9325466799393285
1536,0.009351998671515926
1537,0.9816548190172133
1538,0.032264367970746055
1539,0.2533133469424036
1540,0.5519571977843915
1541,0.009177761004041995
1542,0.7647118187499721
1543,0.08465419355261006
1544,0.8170863477387695
1545,0.035104356302697926
1546,0.5281577125210466
1547,0.20943697126947192
1548,0.28876406880483374
1549,0.4904844128034528
1550,0.37137797716929866
1551,0.3919800590310131
1552,0.6534304773321632
1553,0.19524138863623164
1554,0.18150123348479186
1555,0.6843940066028997
1556,0.2969628569142482
1557,0.93295518741951
1558,0.42624009112762795
1559,0.47402111711708705
1560,0.023170243854374162
1561,0.02065552718963659
1562,0.10476783409087498
1563,0.6256280957010675
1564,0.6645434097928273
1565,0.952197558029905
1566,0.432469433749579
1567,0.7076705663069865
1568,0.3436021383024037
1569,0.07406193499957914
1570,0.42018544819424697
1571,0.701624330239159
1572,0.8042238242502245
1573,0.9519835922269637
1574,0.8321729347701794
1575,0.5636143882604943
1576,0.5503659839916063
1577,0.5010951895648471
1578,0.477606517076249
1579,0.6804915498076595
1580,0.5757062949628933
1581,0.8571618256569391
1582,0.4500741556564184
1583,0.471174911896706
1584,0.8320793007930175
1585,0.6756362678065964
1586,0.5244509972745295
1587,0.5634465051065645
1588,0.8057040452690749
1589,0.6073820035137986
1590,0.2591504026605581
1591,0.3102432117958931
1592,0.604604965130785
1593,0.045848092302050114
1594,0.45757636023712966
1595,0.891906860139498
1596,0.23214380076516228
1597,0.44415604478975845
1598,0.6995045876204917
1599,0.9255037779777603
1600,0.6962732224799604
1601,0.6258303757372137
1602,0.3838949640268863
1603,0.43735928128846147
1604,0.6419469349922403
1605,0.3563198884690598
1606,0.7848712870144318
1607,0.008190618871184552
1608,0.7514176185511582
1609,0.742046758935078
1610,0.30644005819214526
1611,0.014960783157332957
1612,0.3381587736965972
1613,0.5891858181205503
1614,0.7869470702412067
1615,0.8703662160764746
1616,0.20856316176494138
1617,0.08173683530569897
1618,0.11988612019629674
1619,0.9890483008399374
1620,0.6454366823007935
1621,0.12836484447905394
1622,0.6907652563921265
1623,0.9594778523568883
1624,0.6074370618222663
1625,0.23257209380870025
1626,0.9623895260993471
1627,0.700553377640537
1628,0.1829842534328111
1629,0.7662179302928293
1630,0.5041746404010078
1631,0.5740429881272324
1632,0.36578723268594737
1633,0.29375152571511043
1634,0.4204365754659435
1635,0.52640222737971
1636,0.46144301303239743
1637,0.8662656460547746
1638,0.07420553967563837
1639,0.19898931240818762
1640,0.9375052245826048
1641,0.6078580695556354
1642,0.6175297889169927
1643,0.6297499405186971
1644,0.24349513436220727
1645,0.39467922135711064
1646,0.21014841364230163
1647,0.15198323667114044
1648,0.9895122669581666
1649,0.74381410866067
1650,0.8791372504837682
1651,0.0014632322837967449
1652,0.7044709823089177
1653,0.30726206633651276
1654,0.4979107243633002
1655,0.6752514254032553
1656,0.031186886072667952
1657,0.3707593190445929
1658,0.5538954760275303
1659,0.8743782177656371
1660,0.5132069251663592
1661,0.31758324011456673
1662,0.6037607350313465
1663,0.5836119252877
1664,0.2922887638986177
1665,0.5480517049332726
1666,0.2761228787119213
1667,0.011292985394507404
1668,0.3107254784722183
1669,0.08643084495293651
1670,0.4918912508708685
1671,0.5011489035231449
1672,0.8702219322743177
1673,0.7479066300640735
1674,0.7493779731799824
1675,0.9896444225826386
1676,0.26467796740512073
1677,0.37273558813646146
1678,0.23055712919093885
1679,0.10248681602567233
1680,0.5152291321320495
1681,0.5113284003962864
1682,0.12972492942256642
1683,0.9225410152101894
1684,0.9785034275373752
1685,0.06830583675388724
1686,0.003171001914415661
1687,0.0617972941915782
1688,0.7317304217503617
1689,0.8525213973301591
1690,0.0661665950344017
1691,0.008962288758721404
1692,0.5379466439718743
1693,0.3327113820996075
1694,0.01873790183304469
1695,0.008799244158186337
1696,0.21135937026857277
1697,0.20010978926913914
1698,0.2953631399699346
1699,0.550665754985187
1700,0.25137969768636803
1701,0.23351655291523876
1702,0.21074885421583522
1703,0.8870010231418268
1704,0.23859133549179212
1705,0.5553301624994784
1706,0.45263340350498915
1707,0.3314049566290247
1708,0.4067601644974016
1709,0.015991244931119808
1710,0.18504784632931193
1711,0.6401390663808352
1712,0.76148735124507
1713,0.2183698208994641
1714,0.17652960348267477
1715,0.9056925908180846
1716,0.09778022064862035
1717,0.79486043985083
1718,0.8780519047861981
1719,0.1462988262088517
1720,0.8329743924973544
1721,0.15005669169826896
1722,0.0431069638402104
1723,0.286233409954492
1724,0.3443232630067411
1725,0.5895401991104068
1726,0.4425217598693767
1727,0.7934570478484626
1728,0.6647668867194073
1729,0.11919397903568485
1730,0.20236779789659987
1731,0.746162926616987
1732,0.11593514000939897
1733,0.9526353686025563
1734,0.8115599210742824
1735,0.21983658476469015
1736,0.28611141230202086
1737,0.2521249095142477
1738,0.42284405135468717
1739,0.24863964112543135
1740,0.03226300868343557
1741,0.2517671865594632
1742,0.19479874764208038
1743,0.3499241870435903
1744,0.45426475826238855
1745,0.8743122139751826
1746,0.6595559706334061
1747,0.6154822288636055
1748,0.8645290186919932
1749,0.3865334472758961
1750,0.4260938982049727
1751,0.24449510002146246
1752,0.8302020690541426
1753,0.8773606966711958
1754,0.9108289419011829
1755,0.6049265015805567
1756,0.11383824229029638
1757,0.07226867059556108
1758,0.7975345062955647
1759,0.8854660412439618
1760,0.5322688840613624
1761,0.9207674262789277
1762,0.9307728881764269
1763,0.7547510775297261
1764,0.3705445782039818
1765,0.45634193989908867
1766,0.35188407686271306
1767,0.39604985682742566
1768,0.47131536536840735
1769,0.017110372858409884
1770,0.12734464781304777
1771,0.16801566110709887
1772,0.5668151611593164
1773,0.8716093640664898
1774,0.7113958129796156
1775,0.14949515586294948
1776,0.457683933115711
1777,0.6273041974919829
1778,0.13519103945132172
1779,0.07968885311972473
1780,0.6120383236846554
1781,0.23542837318742715
1782,0.6450574048996918
1783,0.17154310850264443
1784,0.8559051638324977
1785,0.3097403204237128
1786,0.42835880185678066
1787,0.5499662559722498
1788,0.8863479603058069
1789,0.9163774259941546
1790,0.8447924267933279
1791,0.6845159628677568
1792,0.06918778780927826
1793,0.1867894417016298
1794,0.5346065017206452
1795,0.9851275238906827
1796,0.7261465113983908
1797,0.191663620244504
1798,0.3559972102595549
1799,0.9624648493981599
1800,0.5077459956287813
1801,0.8703182217128731
1802,0.8579951066621663
1803,0.7817661874264665
1804,0.627041606681438
1805,0.6658434672246023
1806,0.34207708875977105
1807,0.12041518229718584
1808,0.9485608218271286
1809,0.032630316742207066
1810,0.2708849600348776
1811,0.6138959654540067
1812,0.9649317249532751
1813,0.2101678852914196
1814,0.24696951238618936
1815,0.8479079477817154
1816,0.3270660531769315
1817,0.40295530292646475
1818,0.3597401810619114
1819,0.0494534167032914
1820,0.9418219275067334
1821,0.6977303741012196
1822,0.006825903023294777
1823,0.09714438003170545
1824,0.13545414226322905
1825,0.368886750237332
1826,0.8903220241258988
1827,0.1408596497950808
1828,0.22807651069310886
1829,0.311443646054005
1830,0.5106944032703533
1831,0.9010896823526533
1832,0.5394572287817849
1833,0.9035544832302415
1834,0.5419270306025946
1835,0.432124129404993
1836,0.871463585193139
1837,0.5808352568130942
1838,0.47497698800921995
1839,0.5124511410606472
1840,0.35562997456988044
1841,0.4331013545726463
1842,0.07415858862491798
1843,0.20521636477812588
1844,0.7629965256326044
1845,0.1335843933560692
1846,0.20824848876297075
1847,0.1635936013290047
1848,0.3628817884918115
1849,0.04928816693536242
1850,0.36032943489000346
1851,0.6096944305101264
1852,0.6779744453436822
1853,0.8673468471423553
1854,0.0870776805374821
1855,0.6438228536843331
1856,0.19631412328493048
1857,0.3424250942841378
1858,0.5751293502107571
1859,0.8379532608059902
1860,0.6706086002797756
1861,0.9852989087215962
1862,0.017947898936057527
1863,0.31609024770298944
1864,0.48036289626433104
1865,0.036205589035568364
1866,0.052372596064729215
1867,0.3667722828683043
1868,0.5591584693603463
1869,0.1355150229349097
1870,0.06830589109043639
1871,0.3188364480754795
1872,0.7415222446121126
1873,0.5671729793380216
1874,0.9968043290940088
1875,0.6051042103599796
1876,0.8903957514741095
1877,0.5728890529990085
1878,0.4809200639873441
1879,0.41554532089138607
1880,0.07149074421876322
1881,0.0629311501326526
1882,0.6584068808391955
1883,0.8591728160005081
1884,0.0190482213329769
1885,0.18022669038525108
1886,0.3274671973719616
1887,0.31306843655182537
1888,0.834196312855656
1889,0.25239956281612796
1890,0.3062135499129053
1891,0.4875841469761729
1892,0.9508072436748776
1893,0.29451495529976046
1894,0.6337043739168595
1895,0.048599385587913324
1896,0.43144011073276933
1897,0.9272130847943607
1898,0.21740490405495116
1899,0.356461612642898
1900,0.6541447544023303
1901,0.5655414498906663
1902,0.5760315454103393
1903,0.6085527111284796
1904,0.6753865344254212
1905,0.3226639192016152
1906,0.35171617638022656
1907,0.3970061865215033
1908,0.5223370324407817
1909,0.5670016683368806
1910,0.8739653914590754
1911,0.3958361445538946
1912,0.44924768172241203
1913,0.8326544424976308
1914,0.9710749365228007
1915,0.24289556620832364
1916,0.7304301831105183
1917,0.2476118734403805
1918,0.7411203166136244
1919,0.03852735846753785
1920,0.5071284657096446
1921,0.5699786952455181
1922,0.6995913857762528
1923,0.917030561867377
1924,0.7950952810826767
1925,0.5630804502087149
1926,0.49717475770169905
1927,0.013226251199895511
1928,0.552665671143397
1929,0.5622244390153738
1930,0.7421018440316237
1931,0.16539805079536674
1932,0.5886615021015204
1933,0.05158259600940163
1934,0.7258996767424498
1935,0.8216084119148945
1936,0.4377761575392942
1937,0.6876859861975825
1938,0.6623105521995788
1939,0.303598551834547
1940,0.0882451194663475
1941,0.7579976906751176
1942,0.3570767208578568
1943,0.16137632082890896
1944,0.44220668770704574
1945,0.8329410928865277
1946,0.9541864645784335
1947,0.5673387299269459
1948,0.969856387437914
1949,0.17342482185932862
1950,0.4904174318782175
1951,0.008377176344027348
1952,0.2339665210577513
1953,0.8765603349315935
1954,0.059393669993487164
1955,0.65443020435811
1956,0.5095412821201154
1957,0.9875770017528582
1958,0.9935963039541207
1959,0.12334110077331906
1960,0.2620735551291923
1961,0.9914186758496473
1962,0.32994395592539716
1963,0.180478601198241
1964,0.9117727483923297
1965,0.6172218958307907
1966,0.308157803373434
1967,0.5543866135671549
1968,0.42740705958061076
1969,0.4579849206689687
1970,0.5521240853599811
1971,0.1697781124705542
1972,0.615603495443488
1973,0.9551687338115235
1974,0.5920398000080853
1975,0.7874996677542453
1976,0.2825358411183806
1977,0.15459576012358556
1978,0.006438499789158003
1979,0.9813188786839407
1980,0.11906217355609527
1981,0.38001484955262543
1982,0.654723245745896
1983,0.7345995543816013
1984,0.6181325904089894
1985,0.4395626742348593
1986,0.8149337733776539
1987,0.4423597854656651
1988,0.8353037104488943
1989,0.05402483854570905
1990,0.7220104493745927
1991,0.09729814930441283
1992,0.38756056232235203
1993,0.44338747409853063
1994,0.1819870954381796
1995,0.44894837231907414
1996,0.8528943925616802
1997,0.036407847606794275
1998,0.19391804148893754
1999,0.9756155058028086
2000,0.4499663746974547
2001,0.3897357306683825
2002,0.9126469444394134
2003,0.7758730482768014
2004,0.1735232013605318
2005,0.5978860651946428
2006,0.18040484098694443
2007,0.7757205369141853
2008,0.5564327542525381
2009,0.7985897933821094
2010,0.06492748093164047
2011,0.9280062358832749
2012,0.22981106076880609
2013,0.8497813814803977
2014,0.4415974940009172
2015,0.8888504188216229
2016,0.10164184412603228
2017,0.053793242180075196
2018,0.46828828959314983
2019,0.9304683015449314
2020,0.465313928807347
2021,0.5074718452694191
2022,0.16419198662975742
2023,0.5410324921145072
2024,0.4272073573130497
2025,0.8879140065131067
2026,0.7409512389905333
2027,0.4777626432890133
2028,0.1489549004994799
2029,0.14595486484430253
2030,0.9712482701034469
2031,0.6110159545652344
2032,0.22497252961306358
2033,0.8109772055112656
2034,0.21612163548931973
2035,0.453994219374634
2036,0.8771760922354259
2037,0.10340270920963646
2038,0.10295163411798958
2039,0.05258293042782092
2040,0.15170351407944238
2041,0.37453163087539754
2042,0.32164551271215736
2043,0.2801225364061326
2044,0.014162759389941493
2045,0.48711800364210034
2046,0.44536999837813196
2047,0.7407983371047155
2048,0.30309615763693676
2049,0.5811866625172246
2050,0.31314609832475093
2051,0.7529946363688818
2052,0.1741455651843582
2053,0.48935061082033504
2054,0.44577813262741195
2055,0.45873886425406407
2056,0.5381134459628557
2057,0.5361380600824045
2058,0.31634771074843737
2059,0.8241077251305169
2060,0.9514864584569278
2061,0.5590075398596664
2062,0.6354959632533251
2063,0.7236446632547175
2064,0.31980780186030033
2065,0.5922904595663053
2066,0.46259097995819254
2067,0.4844323671684665
2068,0.39413828271437357
2069,0.5362591960107795
2070,0.2181347546434632
2071,0.241023037855019
2072,0.20016074075437984
2073,0.5944880838205752
2074,0.24532935061774008
2075,0.7806296223472265
2076,0.9053009347591731
2077,0.7597268973405501
2078,0.3282812567036614
2079,0.9426355662175435
2080,0.3442831960284647
2081,0.3615654453653383
2082,0.5952787464923772
2083,0.6606769254270034
2084,0.40883863873115167
2085,0.7866659157149083
2086,0.8535253852090725
2087,0.28860720177807253
2088,0.22460230673505555
2089,0.39744008329113
2090,0.6986082299394785
2091,0.6698225347224378
2092,0.17562726891326153
2093,0.3886977929720531
2094,0.9018589702872081
2095,0.9599049564462838
2096,0.6042251049253358
2097,0.7801176951498712
2098,0.8398034639237468
2099,0.2221929075859872
2100,0.06588126587027232
2101,0.611358555557219
2102,0.38469160499991883
2103,0.7107524936739401
2104,0.2936789177041005
2105,0.43396236005392164
2106,0.8082911174822554
2107,0.09324773258403085
2108,0.4078419055938085
2109,0.15324150108844592
2110,0.5336140453133892
2111,0.7327707172779172
2112,0.9871872751369963
2113,0.7534676890100536
2114,0.14425075334005422
2115,0.4370061183389008
2116,0.5421890681333738
2117,0.6377611379649377
2118,0.7008425110796995
2119,0.9733070528297808
2120,0.9422073508636531
2121,0.20856072153108074
2122,0.15838404122549177
2123,0.9700318242448783
2124,0.16052085134500704
2125,0.9682257707915777
2126,0.11983713836985044
2127,0.5849504807749123
2128,0.12988283061451045
2129,0.13379910476266899
2130,0.3338336691759505
2131,0.7937446291194051
2132,0.7022640755845405
2133,0.31727371062835164
2134,0.13708814994044793
2135,0.3586266694901059
2136,0.1741510795526624
2137,0.23501868317302343
2138,0.49695031041239324
2139,0.48872330065268177
2140,0.9226122025503416
2141,0.08975951473094768
2142,0.5328912099367707
2143,0.5648106336281545
2144,0.14276991940319195
2145,0.3605146907926974
2146,0.1378703734282154
2147,0.8936424981077364
2148,0.3485418929396433
2149,0.06485174882138489
2150,0.47517529152206905
2151,0.529037099046871
2152,0.8872242510096024
2153,0.7190861794418916
2154,0.20613772935554542
2155,0.9083522766614933
2156,0.005057779866966539
2157,0.6971937813164952
2158,0.042157786093438454
2159,0.8196851798815653
2160,0.1893980880966567
2161,0.7972848125240958
2162,0.8134189680459925
2163,0.7714832190947251
2164,0.11014995624902146
2165,0.40028134980689967
2166,0.10479749325949772
2167,0.7186299259247355
2168,0.9940616456920436
2169,0.5227291189878979
2170,0.6519646233537052
2171,0.6670571437524747
2172,0.1427170889912167
2173,0.37146162724532816
2174,0.34889685312199503
2175,0.7506229086496405
2176,0.4113861280396487
2177,0.3680467603041553
2178,0.5489980125640983
2179,0.20594145503371164
2180,0.0652920838059885
2181,0.23800172835558808
2182,0.020847545869912554
2183,0.6694617971298986
2184,0.45676104563846365
2185,0.616649690574289
2186,0.5677527717901326
2187,0.05419094243881284
2188,0.815075753781875
2189,0.8188723961060907
2190,0.0075863081538875
2191,0.4301853094582525
2192,0.7857241949326139
2193,0.4154459098934601
2194,0.8597869071043509
2195,0.6952037198217019
2196,0.660629737186117
2197,0.9057667137289788
2198,0.7789572353797792
2199,0.5849665608069777
2200,0.04730125893887427
2201,0.4544728854985989
2202,0.6887386360732441
2203,0.5231611532275213
2204,0.5847365264599447
2205,0.34935256181081853
2206,0.8411918495735765
2207,0.24543845382089702
2208,0.6395391160588347
2209,0.4367534440073523
2210,0.1487389192372064
2211,0.01907693121897991
2212,0.12991970144554532
2213,0.28821519780720495
2214,0.4723649668535562
2215,0.026764970146727518
2216,0.06713681481935074
2217,0.7964103741914742
2218,0.9802344783367455
2219,0.43100817569983396
2220,0.4697880859978477
2221,0.6026946120061656
2222,0.09686884379918004
2223,0.5386839497688738
2224,0.6740179934113643
2225,0.944272506189128
2226,0.6431666210444683
2227,0.5449016314112451
2228,0.41012194932843105
2229,0.911822214706495
2230,0.523349742441345
2231,0.4775908204356649
2232,0.7337747835906334
2233,0.43786489305487786
2234,0.06725257047028432
2235,0.5918323666672733
2236,0.8660141058091071
2237,0.3693134643462036
2238,0.09617544230010422
2239,0.10571233841048477
2240,0.9063323005727835
2241,0.11109006173645652
2242,0.6542014896189854
2243,0.08750726285272414
2244,0.5123694794762023
2245,0.911192841565859
2246,0.23447154530480896
2247,0.30737294619955347
2248,0.6113596265154083
2249,0.5734749691860219
2250,0.5604821912812523
2251,0.3920357348622181
2252,0.04089428238696369
2253,0.5952349009288886
2254,0.2767665230402315
2255,0.6204239612693543
2256,0.4378865004993192
2257,0.2686181136164322
2258,0.9957889979276782
2259,0.3216374499685478
2260,0.9710478108314653
2261,0.4777099448564148
2262,0.5340153653527445
2263,0.2688822113996635
2264,0.17381218630939788
2265,0.7061462136951698
2266,0.4555436692811837
2267,0.5851686193787017
2268,0.1825938621236156
2269,0.5099661348274859
2270,0.6586861267522028
2271,0.7597579059529755
2272,0.6665473482949011
2273,0.41378845266002307
2274,0.6852465239164235
2275,0.5968715354683757
2276,0.477404369056314
2277,0.6303011120906787
2278,0.30636164558759027
2279,0.06316724414488795
2280,0.14783560852377686
2281,0.9727196754615799
2282,0.8927088090464318
2283,0.827033902403783
2284,0.25917297486548296
2285,0.8388524823584685
2286,0.7895589544192462
2287,0.5412105387394472
2288,0.30298589273198284
2289,0.10683164374412302
2290,0.9977877150324393
2291,0.9987743977838575
2292,0.8509106862394915
2293,0.44575363747524466
2294,0.7296407414207812
2295,0.9104949632714514
2296,0.5419881967551243
2297,0.12512787961210126
2298,0.9762691707509863
2299,0.537733496736754
2300,0.7696265821805066
2301,0.622511951702167
2302,0.0647741465644277
2303,0.4619670754917574
2304,0.011975173999323574
2305,0.2659000286822705
2306,0.9615358673177173
2307,0.6914607437078285
2308,0.5656917870152026
2309,0.11204361988513967
2310,0.6852405095267522
2311,0.6054452852886862
2312,0.6374627180079807
2313,0.6883345885040325
2314,0.9278960145069785
2315,0.44736351886027603
2316,0.6110022924717905
2317,0.5297609295229749
2318,0.58902379776373
2319,0.6793431195891175
2320,0.18796393401634404
2321,0.05554574442757343
2322,0.11633147900067364
2323,0.042709843198156405
2324,0.5550939927234035
2325,0.3051089775040092
2326,0.7846466839352161
2327,0.16189957807444255
2328,0.15018256178447797
2329,0.8656067342856295
2330,0.08967117595454166
2331,0.3528840683266743
2332,0.6900500643281036
2333,0.5627133506186718
2334,0.2668202043661967
2335,0.13469656024808374
2336,0.5777433500610728
2337,0.24812020413246993
2338,0.8560906991065313
2339,0.26485285205285936
2340,0.9330973624561762
2341,0.02176063084504909
2342,0.6109185514233422
2343,0.28234027954532315
2344,0.4746125669919955
2345,0.4365169841089166
2346,0.8091022675327669
2347,0.18526210795928266
2348,0.7678003138226289
2349,0.03404685803499918
2350,0.6367392687578496
2351,0.8236733135388878
2352,0.4294094216329297
2353,0.849076818038054
2354,0.35478279695459514
2355,0.3549764492484908
2356,0.9108379345253993
2357,0.9903974397398438
2358,0.789186002507737
2359,0.22945876277807153
2360,0.9423621301304191
2361,0.3655358557925129
2362,0.8676637369875184
2363,0.32187918435154983
2364,0.21764034941090626
2365,0.25770782049737817
2366,0.6909329957618985
2367,0.97955990362615
2368,0.5209525479483517
2369,0.10719710944295768
2370,0.6847182045300982
2371,0.8985563734899096
2372,0.7815195144112246
2373,0.001837122978024408
2374,0.31218590782961186
2375,0.7765266060309549
2376,0.7013448722002378
2377,0.9960808454275804
2378,0.8981852919500053
2379,0.7982222373247352
2380,0.6895489591108037
2381,0.38054908560714673
2382,0.03500418206681233
2383,0.7681647344123745
2384,0.457061346883327
2385,0.8650003151916487
2386,0.13177929246131026
2387,0.8571556992323238
2388,0.645433784269452
2389,0.8861271016004462
2390,0.7012787731350892
2391,0.43615473211484856
2392,0.5160212467160076
2393,0.09835720247652158
2394,0.24248569825052346
2395,0.5749419787223715
2396,0.1777811906968635
2397,0.35848793914043775
2398,0.6431786190155009
2399,0.5947470935770093
2400,0.8938253344941705
2401,0.43320419192559434
2402,0.5536441130326073
2403,0.42184361694144235
2404,0.7548738570796348
2405,0.6256813585705415
2406,0.9453497742769538
2407,0.1414797561300516
2408,0.1272035841692295
2409,0.2924793317067226
2410,0.6162549959871845
2411,0.6385279900981402
2412,0.20156651435952144
2413,0.2714160865454607
2414,0.595425050126603
2415,0.2643795796388595
2416,0.8298892286954908
2417,0.1065951312022635
2418,0.7826192225773501
2419,0.15303030283163288
2420,0.7142013425967835
2421,0.7821022365964518
2422,0.9434206833855507
2423,0.902075757662667
2424,0.024486136149803772
2425,0.6610388363394105
2426,0.9104187719304864
2427,0.7702789259758113
2428,0.4541803767153494
2429,0.7502734891676963
2430,0.28409110113229763
2431,0.8030838227619986
2432,0.40634112585506454
2433,0.9709049491616738
2434,0.027890484623137923
2435,0.5827126780061346
2436,0.12994627487020127
2437,0.7661387962108959
2438,0.970502245361837
2439,0.491963578772427
2440,0.8413282764819207
2441,0.23301434151373945
2442,0.02814311814299053
2443,0.8032342721659741
2444,0.4105441466027431
2445,0.08404216356469185
2446,0.6727555471634126
2447,0.9011114869586621
2448,0.08378746579291563
2449,0.6107918250529271
2450,0.34761231220821087
2451,0.04244312694932628
2452,0.07322061678597014
2453,0.045345675831222954
2454,0.30670400227929495
2455,0.3078825108019013
2456,0.5374520828618952
2457,0.6207394626555861
2458,0.8504359820998815
2459,0.8562309054187389
2460,0.17113168454271666
2461,0.6276490640282072
2462,0.8766588533388927
2463,0.24990854656195471
2464,0.6030093001773577
2465,0.9882752243302559
2466,0.6343880725821892
2467,0.7015163542158438
2468,0.3107880052672237
2469,0.9925172277244201
2470,0.8314515466712753
2471,0.32276040102519743
2472,0.3017967536137224
2473,0.0047985587766403714
2474,0.481151582693485
2475,0.8734114368069894
2476,0.7849138172730847
2477,0.14755302646975976
2478,0.2416778569001976
2479,0.16123542997605222
2480,0.25963586120833926
2481,0.20257590813735116
2482,0.16499184678877044
2483,0.553179651237909
2484,0.9142476305012132
2485,0.8546079981182702
2486,0.6213294347675086
2487,0.31619498421306813
2488,0.9083465911846246
2489,0.21102558194346188
2490,0.038681413573926404
2491,0.21600549221575993
2492,0.7900641643451747
2493,0.7006825796998258
2494,0.31080096045059336
2495,0.21981631756882536
2496,0.6372562742954074
2497,0.5115182771058783
2498,0.794096348074822
2499,0.44584338617695174
2500,0.08342284760295371
2501,0.07045400756089404
2502,0.23090300798279684
2503,0.5235790644851993
2504,0.7147444697321964
2505,0.5561269555865013
2506,0.009774272150995356
2507,0.9529591587752921
2508,0.45816106671616175
2509,0.5403436877556778
2510,0.19220919918658308
2511,0.2433891542836334
2512,0.21417911737417017
2513,0.6064536816937585
2514,0.9086777590812651
2515,0.26411656976131215
2516,0.34945345867923394
2517,0.2874908003771697
2518,0.029084241945153244
2519,0.010501985452101348
2520,0.7809739102046961
2521,0.9775201487638095
2522,0.04238949124726632
2523,0.07691225644700816
2524,0.45215457425846006
2525,0.3042276510173234
2526,0.24663340801741718
2527,0.8697696932484933
2528,0.19306708894763946
2529,0.19467686590888322
2530,0.9060334647869746
2531,0.6231812506630933
2532,0.6860424346049677
2533,0.6683612016892477
2534,0.025788899065749216
2535,0.9779413843798517
2536,0.028764185007514542
2537,0.22740671657515044
2538,0.47521720210360274
2539,0.8376165817091763
2540,0.9494514161087043
2541,0.00884107667185785
2542,0.13838762091626233
2543,0.01597726249149456
2544,0.1371240267181293
2545,0.9137543706347642
2546,0.08470507351648093
2547,0.5391622875702737
2548,0.19484221487040998
2549,0.007912252424552957
2550,0.2797114130252585
2551,0.25893951197551157
2552,0.5427902146090386
2553,0.8737679675521567
2554,0.5300906339928109
2555,0.5332773288001198
2556,0.2789453870691928
2557,0.1799439322930615
2558,0.4792894166915158
2559,0.393974238135707
2560,0.9017174662483175
2561,0.20827142541035648
2562,0.025635179260195318
2563,0.051671444224005936
2564,0.31715565282671876
2565,0.21886428682994608
2566,0.3968975398008133
2567,0.8802636072667511
2568,0.7281690078580212
2569,0.5933926438895427
2570,0.8319406248821682
2571,0.8790727837741419
2572,0.06493633835197543
2573,0.6891396197260835
2574,0.13110876497155832
2575,0.4107612635636515
2576,0.3896118070505389
2577,0.2715982168306209
2578,0.044381269943731594
2579,0.1943019651190535
2580,0.7063657893261875
2581,0.9573239780930346
2582,0.9095695876918907
2583,0.022878154609952572
2584,0.5695692395175502
2585,0.19071509343259818
2586,0.5208717341755429
2587,0.5335787973331803
2588,0.1623850928983851
2589,0.08793014445107183
2590,0.48042208079026805
2591,0.052615565492813765
2592,0.8410570725990569
2593,0.8886746114696109
2594,0.014856980375721363
2595,0.8008642576555112
2596,0.8386934917140901
2597,0.039744561226034425
2598,0.5871581914282377
2599,0.47488138046644934
2600,0.17521854446656948
2601,0.81879791034835
2602,0.566304232691538
2603,0.8123419706566418
2604,0.9351171263143544
2605,0.9698794175997494
2606,0.6626201376675538
2607,0.8728672431702893
2608,0.06344806497615507
2609,0.33789907772907934
2610,0.4748392663421839
2611,0.51221170023437
2612,0.36757088029896234
2613,0.8169869024906183
2614,0.5823248792296196
2615,0.8466246124470523
2616,0.443072827606237
2617,0.9417710557883895
2618,0.3558590440919037
2619,0.993204353766664
2620,0.5663232969405804
2621,0.37722717897773705
2622,0.6206285049416863
2623,0.10625672475150594
2624,0.6868787845060507
2625,0.5998398261518624
2626,0.8051908041872371
2627,0.07569524665003236
2628,0.41948533710318325
2629,0.5862390733817864
2630,0.06082995964744653
2631,0.7626184929929817
2632,0.9004123666146416
2633,0.6256938326954904
2634,0.7641612585479565
2635,0.9444260316656309
2636,0.4546584215100363
2637,0.5119030929454588
2638,0.8881907562554132
2639,0.6767648461243139
2640,0.27669324608586476
2641,0.5894124174414844
2642,0.7673955680059187
2643,0.8441806982082882
2644,0.12979421445603345
2645,0.16711226425946069
2646,0.687462220427424
2647,0.7159802946654956
2648,0.7295423466215091
2649,0.48926578275772126
2650,0.383734531907
2651,0.9604211934004486
2652,0.2547403806479065
2653,0.28676515266122315
2654,0.024803024273357344
2655,0.08446131143430813
2656,0.6252659970110938
2657,0.6627069501662219
2658,0.21890951911814482
2659,0.7400878971889927
2660,0.170436758216442
2661,0.3719711556946794
2662,0.6367444009604165
2663,0.7773328122772514
2664,0.45282831688032166
2665,0.8083584135629808
2666,0.4720514764233603
2667,0.66391058151722
2668,0.8335080228952504
2669,0.5626930928883441
2670,0.5625261298072678
2671,0.9329218243837822
2672,0.03402661576275823
2673,0.01874248891138597
2674,0.036397399520411766
2675,0.3109345449233175
2676,0.5376134252351551
2677,0.6178823315911546
2678,0.6813866223200521
2679,0.01703890751840842
2680,0.8738842110474306
2681,0.23753289019810386
2682,0.9674244465410184
2683,0.3458327631281296
2684,0.8447814801353781
2685,0.7126658563156888
2686,0.022913436893194472
2687,0.5120631173117283
2688,0.39370627815342785
2689,0.9933847351320959
2690,0.23197750062729727
2691,0.39501444280746956
2692,0.17423212021790613
2693,0.004688281224541568
2694,0.5383970574763467
2695,0.620080616523279
2696,0.1625580417975201
2697,0.8375265182744446
2698,0.22211391340975062
2699,0.9373564292286495
2700,0.6734017172390613
2701,0.9712600481408487
2702,0.4378838329677107
2703,0.838390060071553
2704,0.6052260610698492
2705,0.7149696080207625
2706,0.410528744745545
2707,0.5113823818121443
2708,0.2718687537511739
2709,0.33699900332664445
2710,0.9255480395548927
2711,0.07829927260054159
2712,0.8321644643819677
